pointNum,accumDst,pkuid,temp,elevation-n-vancouver,elevation-s-vancouver
0,             0.00000,5,via-pacific,            16.00000,   -2147480000.00000
1,             8.00000,5,via-pacific,            16.00000,   -2147480000.00000
2,            16.00000,5,via-pacific,            16.00000,   -2147480000.00000
3,            24.00000,5,via-pacific,            16.00000,   -2147480000.00000
4,            32.00000,5,via-pacific,            16.00000,   -2147480000.00000
5,            40.00000,5,via-pacific,            15.00000,   -2147480000.00000
6,            48.00000,5,via-pacific,            15.00000,   -2147480000.00000
7,            56.00000,5,via-pacific,            15.00000,   -2147480000.00000
8,            64.00000,5,via-pacific,            15.00000,   -2147480000.00000
9,            72.00000,5,via-pacific,            15.00000,   -2147480000.00000
10,            80.00000,5,via-pacific,            16.00000,   -2147480000.00000
11,            88.00000,5,via-pacific,            16.00000,   -2147480000.00000
12,            96.00000,5,via-pacific,            17.00000,   -2147480000.00000
13,           104.00000,5,via-pacific,            17.00000,   -2147480000.00000
14,           112.00000,5,via-pacific,            19.00000,   -2147480000.00000
15,           120.00000,5,via-pacific,            19.00000,   -2147480000.00000
16,           128.00000,5,via-pacific,            19.00000,   -2147480000.00000
17,           136.00000,5,via-pacific,            19.00000,   -2147480000.00000
18,           144.00000,5,via-pacific,            19.00000,   -2147480000.00000
19,           152.00000,5,via-pacific,            19.00000,   -2147480000.00000
20,           160.00000,5,via-pacific,            19.00000,   -2147480000.00000
21,           168.00000,5,via-pacific,            19.00000,   -2147480000.00000
22,           176.00000,5,via-pacific,            20.00000,   -2147480000.00000
23,           184.00000,5,via-pacific,            20.00000,   -2147480000.00000
24,           192.00000,5,via-pacific,            20.00000,   -2147480000.00000
25,           200.00000,5,via-pacific,            20.00000,   -2147480000.00000
26,           208.00000,5,via-pacific,            19.00000,   -2147480000.00000
27,           216.00000,5,via-pacific,            19.00000,   -2147480000.00000
28,           224.00000,5,via-pacific,            19.00000,   -2147480000.00000
29,           232.00000,5,via-pacific,            19.00000,   -2147480000.00000
30,           240.00000,5,via-pacific,            19.00000,   -2147480000.00000
31,           248.00000,5,via-pacific,            19.00000,   -2147480000.00000
32,           256.00000,5,via-pacific,            19.00000,   -2147480000.00000
33,           264.00000,5,via-pacific,            19.00000,   -2147480000.00000
34,           272.00000,5,via-pacific,            19.00000,   -2147480000.00000
35,           280.00000,5,via-pacific,            19.00000,   -2147480000.00000
36,           288.00000,5,via-pacific,            18.00000,   -2147480000.00000
37,           296.00000,5,via-pacific,            18.00000,   -2147480000.00000
38,           304.00000,5,via-pacific,            18.00000,   -2147480000.00000
39,           312.00000,5,via-pacific,            18.00000,   -2147480000.00000
40,           320.00000,5,via-pacific,            18.00000,   -2147480000.00000
41,           328.00000,5,via-pacific,            18.00000,   -2147480000.00000
42,           336.00000,5,via-pacific,            18.00000,   -2147480000.00000
43,           344.00000,5,via-pacific,            19.00000,   -2147480000.00000
44,           352.00000,5,via-pacific,            19.00000,   -2147480000.00000
45,           360.00000,5,via-pacific,            19.00000,   -2147480000.00000
46,           368.00000,5,via-pacific,            19.00000,   -2147480000.00000
47,           376.00000,5,via-pacific,            19.00000,   -2147480000.00000
48,           384.00000,5,via-pacific,            19.00000,   -2147480000.00000
49,           392.00000,5,via-pacific,            19.00000,   -2147480000.00000
50,           400.00000,5,via-pacific,            19.00000,   -2147480000.00000
51,           408.00000,5,via-pacific,            19.00000,   -2147480000.00000
52,           416.00000,5,via-pacific,            19.00000,   -2147480000.00000
53,           424.00000,5,via-pacific,            19.00000,   -2147480000.00000
54,           432.00000,5,via-pacific,            18.00000,   -2147480000.00000
55,           440.00000,5,via-pacific,            18.00000,   -2147480000.00000
56,           448.00000,5,via-pacific,            18.00000,   -2147480000.00000
57,           456.00000,5,via-pacific,            18.00000,   -2147480000.00000
58,           464.00000,5,via-pacific,            18.00000,   -2147480000.00000
59,           472.00000,5,via-pacific,            18.00000,   -2147480000.00000
60,           480.00000,5,via-pacific,            18.00000,   -2147480000.00000
61,           488.00000,5,via-pacific,            18.00000,   -2147480000.00000
62,           496.00000,5,via-pacific,            16.00000,   -2147480000.00000
63,           504.00000,5,via-pacific,            16.00000,   -2147480000.00000
64,           512.00000,5,via-pacific,            15.00000,   -2147480000.00000
65,           520.00000,5,via-pacific,            15.00000,   -2147480000.00000
66,           528.00000,5,via-pacific,            15.00000,   -2147480000.00000
67,           536.00000,5,via-pacific,            15.00000,   -2147480000.00000
68,           544.00000,5,via-pacific,            15.00000,   -2147480000.00000
69,           552.00000,5,via-pacific,            16.00000,   -2147480000.00000
70,           560.00000,5,via-pacific,            16.00000,   -2147480000.00000
71,           568.00000,5,via-pacific,            16.00000,   -2147480000.00000
72,           576.00000,5,via-pacific,            15.00000,   -2147480000.00000
73,           584.00000,5,via-pacific,            15.00000,   -2147480000.00000
74,           592.00000,5,via-pacific,            15.00000,   -2147480000.00000
75,           600.00000,5,via-pacific,            15.00000,   -2147480000.00000
76,           608.00000,5,via-pacific,            14.00000,   -2147480000.00000
77,           616.00000,5,via-pacific,            14.00000,   -2147480000.00000
78,           624.00000,5,via-pacific,            14.00000,   -2147480000.00000
79,           632.00000,5,via-pacific,            13.00000,   -2147480000.00000
80,           640.00000,5,via-pacific,            13.00000,   -2147480000.00000
81,           648.00000,5,via-pacific,            12.00000,   -2147480000.00000
82,           656.00000,5,via-pacific,            12.00000,   -2147480000.00000
83,           664.00000,5,via-pacific,            12.00000,   -2147480000.00000
84,           672.00000,5,via-pacific,            12.00000,   -2147480000.00000
85,           680.00000,5,via-pacific,            12.00000,   -2147480000.00000
86,           688.00000,5,via-pacific,            13.00000,   -2147480000.00000
87,           696.00000,5,via-pacific,            13.00000,   -2147480000.00000
88,           704.00000,5,via-pacific,            13.00000,   -2147480000.00000
89,           712.00000,5,via-pacific,            13.00000,   -2147480000.00000
90,           720.00000,5,via-pacific,            13.00000,   -2147480000.00000
91,           728.00000,5,via-pacific,            13.00000,   -2147480000.00000
92,           736.00000,5,via-pacific,            13.00000,   -2147480000.00000
93,           744.00000,5,via-pacific,            13.00000,   -2147480000.00000
94,           752.00000,5,via-pacific,            13.00000,   -2147480000.00000
95,           760.00000,5,via-pacific,            13.00000,   -2147480000.00000
96,           768.00000,5,via-pacific,            13.00000,   -2147480000.00000
97,           776.00000,5,via-pacific,            13.00000,   -2147480000.00000
98,           784.00000,5,via-pacific,            13.00000,   -2147480000.00000
99,           792.00000,5,via-pacific,            13.00000,   -2147480000.00000
100,           800.00000,5,via-pacific,            13.00000,   -2147480000.00000
101,           808.00000,5,via-pacific,            14.00000,   -2147480000.00000
102,           816.00000,5,via-pacific,            14.00000,   -2147480000.00000
103,           824.00000,5,via-pacific,            13.00000,   -2147480000.00000
104,           832.00000,5,via-pacific,            13.00000,   -2147480000.00000
105,           840.00000,5,via-pacific,            13.00000,   -2147480000.00000
106,           848.00000,5,via-pacific,            13.00000,   -2147480000.00000
107,           856.00000,5,via-pacific,            13.00000,   -2147480000.00000
108,           864.00000,5,via-pacific,            12.00000,   -2147480000.00000
109,           872.00000,5,via-pacific,            12.00000,   -2147480000.00000
110,           880.00000,5,via-pacific,            12.00000,   -2147480000.00000
111,           888.00000,5,via-pacific,            11.00000,   -2147480000.00000
112,           896.00000,5,via-pacific,            11.00000,   -2147480000.00000
113,           904.00000,5,via-pacific,            11.00000,   -2147480000.00000
114,           912.00000,5,via-pacific,            11.00000,   -2147480000.00000
115,           920.00000,5,via-pacific,            11.00000,   -2147480000.00000
116,           928.00000,5,via-pacific,            10.00000,   -2147480000.00000
117,           936.00000,5,via-pacific,            10.00000,   -2147480000.00000
118,           944.00000,5,via-pacific,            10.00000,   -2147480000.00000
119,           952.00000,5,via-pacific,            10.00000,   -2147480000.00000
120,           960.00000,5,via-pacific,            10.00000,   -2147480000.00000
121,           968.00000,5,via-pacific,            10.00000,   -2147480000.00000
122,           976.00000,5,via-pacific,            10.00000,   -2147480000.00000
123,           984.00000,5,via-pacific,            10.00000,   -2147480000.00000
124,           992.00000,5,via-pacific,            10.00000,   -2147480000.00000
125,          1000.00000,5,via-pacific,            10.00000,   -2147480000.00000
126,          1008.00000,5,via-pacific,            10.00000,   -2147480000.00000
127,          1016.00000,5,via-pacific,            10.00000,   -2147480000.00000
128,          1024.00000,5,via-pacific,             9.00000,   -2147480000.00000
129,          1032.00000,5,via-pacific,             9.00000,   -2147480000.00000
130,          1040.00000,5,via-pacific,             9.00000,   -2147480000.00000
131,          1048.00000,5,via-pacific,             9.00000,   -2147480000.00000
132,          1056.00000,5,via-pacific,             9.00000,   -2147480000.00000
133,          1064.00000,5,via-pacific,            12.00000,   -2147480000.00000
134,          1072.00000,5,via-pacific,            12.00000,   -2147480000.00000
135,          1080.00000,5,via-pacific,            12.00000,   -2147480000.00000
136,          1088.00000,5,via-pacific,            12.00000,   -2147480000.00000
137,          1096.00000,5,via-pacific,            12.00000,   -2147480000.00000
138,          1104.00000,5,via-pacific,            12.00000,   -2147480000.00000
139,          1112.00000,5,via-pacific,            12.00000,   -2147480000.00000
140,          1120.00000,5,via-pacific,            10.00000,   -2147480000.00000
141,          1128.00000,5,via-pacific,            10.00000,   -2147480000.00000
142,          1136.00000,5,via-pacific,            10.00000,   -2147480000.00000
143,          1144.00000,5,via-pacific,            10.00000,   -2147480000.00000
144,          1152.00000,5,via-pacific,            10.00000,   -2147480000.00000
145,          1160.00000,5,via-pacific,             9.00000,   -2147480000.00000
146,          1168.00000,5,via-pacific,             9.00000,   -2147480000.00000
147,          1176.00000,5,via-pacific,             7.00000,   -2147480000.00000
148,          1184.00000,5,via-pacific,             7.00000,   -2147480000.00000
149,          1192.00000,5,via-pacific,             7.00000,   -2147480000.00000
150,          1200.00000,5,via-pacific,             7.00000,   -2147480000.00000
151,          1208.00000,5,via-pacific,             7.00000,   -2147480000.00000
152,          1216.00000,5,via-pacific,             7.00000,   -2147480000.00000
153,          1224.00000,5,via-pacific,             7.00000,   -2147480000.00000
154,          1232.00000,5,via-pacific,             7.00000,   -2147480000.00000
155,          1240.00000,5,via-pacific,             7.00000,   -2147480000.00000
156,          1248.00000,5,via-pacific,             7.00000,   -2147480000.00000
157,          1256.00000,5,via-pacific,             6.00000,   -2147480000.00000
158,          1264.00000,5,via-pacific,             6.00000,   -2147480000.00000
159,          1272.00000,5,via-pacific,             6.00000,   -2147480000.00000
160,          1280.00000,5,via-pacific,             6.00000,   -2147480000.00000
161,          1288.00000,5,via-pacific,             6.00000,   -2147480000.00000
162,          1296.00000,5,via-pacific,             8.00000,   -2147480000.00000
163,          1304.00000,5,via-pacific,             8.00000,   -2147480000.00000
164,          1312.00000,5,via-pacific,             8.00000,   -2147480000.00000
165,          1320.00000,5,via-pacific,             8.00000,   -2147480000.00000
166,          1328.00000,5,via-pacific,             8.00000,   -2147480000.00000
167,          1336.00000,5,via-pacific,             8.00000,   -2147480000.00000
168,          1344.00000,5,via-pacific,             8.00000,   -2147480000.00000
169,          1352.00000,5,via-pacific,             8.00000,   -2147480000.00000
170,          1360.00000,5,via-pacific,             8.00000,   -2147480000.00000
171,          1368.00000,5,via-pacific,             8.00000,   -2147480000.00000
172,          1376.00000,5,via-pacific,             7.00000,   -2147480000.00000
173,          1384.00000,5,via-pacific,             7.00000,   -2147480000.00000
174,          1392.00000,5,via-pacific,             7.00000,   -2147480000.00000
175,          1400.00000,5,via-pacific,             7.00000,   -2147480000.00000
176,          1408.00000,5,via-pacific,             7.00000,   -2147480000.00000
177,          1416.00000,5,via-pacific,             7.00000,   -2147480000.00000
178,          1424.00000,5,via-pacific,             7.00000,   -2147480000.00000
179,          1432.00000,5,via-pacific,             6.00000,   -2147480000.00000
180,          1440.00000,5,via-pacific,             6.00000,   -2147480000.00000
181,          1448.00000,5,via-pacific,             6.00000,   -2147480000.00000
182,          1456.00000,5,via-pacific,             6.00000,   -2147480000.00000
183,          1464.00000,5,via-pacific,             6.00000,   -2147480000.00000
184,          1472.00000,5,via-pacific,             6.00000,   -2147480000.00000
185,          1480.00000,5,via-pacific,             6.00000,   -2147480000.00000
186,          1488.00000,5,via-pacific,             6.00000,   -2147480000.00000
187,          1496.00000,5,via-pacific,             6.00000,   -2147480000.00000
188,          1504.00000,5,via-pacific,             6.00000,   -2147480000.00000
189,          1512.00000,5,via-pacific,             6.00000,   -2147480000.00000
190,          1520.00000,5,via-pacific,             6.00000,   -2147480000.00000
191,          1528.00000,5,via-pacific,             6.00000,   -2147480000.00000
192,          1536.00000,5,via-pacific,             6.00000,   -2147480000.00000
193,          1544.00000,5,via-pacific,             6.00000,   -2147480000.00000
194,          1552.00000,5,via-pacific,             6.00000,   -2147480000.00000
195,          1560.00000,5,via-pacific,             6.00000,   -2147480000.00000
196,          1568.00000,5,via-pacific,             6.00000,   -2147480000.00000
197,          1576.00000,5,via-pacific,             6.00000,   -2147480000.00000
198,          1584.00000,5,via-pacific,             4.00000,   -2147480000.00000
199,          1592.00000,5,via-pacific,             4.00000,   -2147480000.00000
200,          1600.00000,5,via-pacific,             4.00000,   -2147480000.00000
201,          1608.00000,5,via-pacific,             4.00000,   -2147480000.00000
202,          1616.00000,5,via-pacific,             4.00000,   -2147480000.00000
203,          1624.00000,5,via-pacific,             4.00000,   -2147480000.00000
204,          1632.00000,5,via-pacific,             6.00000,   -2147480000.00000
205,          1640.00000,5,via-pacific,             6.00000,   -2147480000.00000
206,          1648.00000,5,via-pacific,             6.00000,   -2147480000.00000
207,          1656.00000,5,via-pacific,             6.00000,   -2147480000.00000
208,          1664.00000,5,via-pacific,             6.00000,   -2147480000.00000
209,          1672.00000,5,via-pacific,             6.00000,   -2147480000.00000
210,          1680.00000,5,via-pacific,             2.00000,   -2147480000.00000
211,          1688.00000,5,via-pacific,             2.00000,   -2147480000.00000
212,          1696.00000,5,via-pacific,             2.00000,   -2147480000.00000
213,          1704.00000,5,via-pacific,             2.00000,   -2147480000.00000
214,          1712.00000,5,via-pacific,             2.00000,   -2147480000.00000
215,          1720.00000,5,via-pacific,             2.00000,   -2147480000.00000
216,          1728.00000,5,via-pacific,             2.00000,   -2147480000.00000
217,          1736.00000,5,via-pacific,             2.00000,   -2147480000.00000
218,          1744.00000,5,via-pacific,             2.00000,   -2147480000.00000
219,          1752.00000,5,via-pacific,             2.00000,   -2147480000.00000
220,          1760.00000,5,via-pacific,             2.00000,   -2147480000.00000
221,          1768.00000,5,via-pacific,             2.00000,   -2147480000.00000
222,          1776.00000,5,via-pacific,             2.00000,   -2147480000.00000
223,          1784.00000,5,via-pacific,             2.00000,   -2147480000.00000
224,          1792.00000,5,via-pacific,             2.00000,   -2147480000.00000
225,          1800.00000,5,via-pacific,             2.00000,   -2147480000.00000
226,          1808.00000,5,via-pacific,             2.00000,   -2147480000.00000
227,          1816.00000,5,via-pacific,             2.00000,   -2147480000.00000
228,          1824.00000,5,via-pacific,             2.00000,   -2147480000.00000
229,          1832.00000,5,via-pacific,             2.00000,   -2147480000.00000
230,          1840.00000,5,via-pacific,             2.00000,   -2147480000.00000
231,          1848.00000,5,via-pacific,             2.00000,   -2147480000.00000
232,          1856.00000,5,via-pacific,             2.00000,   -2147480000.00000
233,          1864.00000,5,via-pacific,             5.00000,   -2147480000.00000
234,          1872.00000,5,via-pacific,             5.00000,   -2147480000.00000
235,          1880.00000,5,via-pacific,             5.00000,   -2147480000.00000
236,          1888.00000,5,via-pacific,             5.00000,   -2147480000.00000
237,          1896.00000,5,via-pacific,             5.00000,   -2147480000.00000
238,          1904.00000,5,via-pacific,             5.00000,   -2147480000.00000
239,          1912.00000,5,via-pacific,             6.00000,   -2147480000.00000
240,          1920.00000,5,via-pacific,             6.00000,   -2147480000.00000
241,          1928.00000,5,via-pacific,             6.00000,   -2147480000.00000
242,          1936.00000,5,via-pacific,             6.00000,   -2147480000.00000
243,          1944.00000,5,via-pacific,             6.00000,   -2147480000.00000
244,          1952.00000,5,via-pacific,             6.00000,   -2147480000.00000
245,          1960.00000,5,via-pacific,             6.00000,   -2147480000.00000
246,          1968.00000,5,via-pacific,             6.00000,   -2147480000.00000
247,          1976.00000,5,via-pacific,             6.00000,   -2147480000.00000
248,          1984.00000,5,via-pacific,             6.00000,   -2147480000.00000
249,          1992.00000,5,via-pacific,             6.00000,   -2147480000.00000
250,          2000.00000,5,via-pacific,             6.00000,   -2147480000.00000
251,          2008.00000,5,via-pacific,             6.00000,   -2147480000.00000
252,          2016.00000,5,via-pacific,             6.00000,   -2147480000.00000
253,          2024.00000,5,via-pacific,             6.00000,   -2147480000.00000
254,          2032.00000,5,via-pacific,             6.00000,   -2147480000.00000
255,          2040.00000,5,via-pacific,             6.00000,   -2147480000.00000
256,          2048.00000,5,via-pacific,             6.00000,   -2147480000.00000
257,          2056.00000,5,via-pacific,             6.00000,   -2147480000.00000
258,          2064.00000,5,via-pacific,             6.00000,   -2147480000.00000
259,          2072.00000,5,via-pacific,             6.00000,   -2147480000.00000
260,          2080.00000,5,via-pacific,             6.00000,   -2147480000.00000
261,          2088.00000,5,via-pacific,             6.00000,   -2147480000.00000
262,          2096.00000,5,via-pacific,             6.00000,   -2147480000.00000
263,          2104.00000,5,via-pacific,             6.00000,   -2147480000.00000
264,          2112.00000,5,via-pacific,             5.00000,   -2147480000.00000
265,          2120.00000,5,via-pacific,             5.00000,   -2147480000.00000
266,          2128.00000,5,via-pacific,             5.00000,   -2147480000.00000
267,          2136.00000,5,via-pacific,             4.00000,   -2147480000.00000
268,          2144.00000,5,via-pacific,             5.00000,   -2147480000.00000
269,          2152.00000,5,via-pacific,             5.00000,   -2147480000.00000
270,          2160.00000,5,via-pacific,             6.00000,   -2147480000.00000
271,          2168.00000,5,via-pacific,             6.00000,   -2147480000.00000
272,          2176.00000,5,via-pacific,             6.00000,   -2147480000.00000
273,          2184.00000,5,via-pacific,             6.00000,   -2147480000.00000
274,          2192.00000,5,via-pacific,             6.00000,   -2147480000.00000
275,          2200.00000,5,via-pacific,             6.00000,   -2147480000.00000
276,          2208.00000,5,via-pacific,             6.00000,   -2147480000.00000
277,          2216.00000,5,via-pacific,             6.00000,   -2147480000.00000
278,          2224.00000,5,via-pacific,             6.00000,   -2147480000.00000
279,          2232.00000,5,via-pacific,             7.00000,   -2147480000.00000
280,          2240.00000,5,via-pacific,             7.00000,   -2147480000.00000
281,          2248.00000,5,via-pacific,             7.00000,   -2147480000.00000
282,          2256.00000,5,via-pacific,             7.00000,   -2147480000.00000
283,          2264.00000,5,via-pacific,             7.00000,   -2147480000.00000
284,          2272.00000,5,via-pacific,             7.00000,   -2147480000.00000
285,          2280.00000,5,via-pacific,             8.00000,   -2147480000.00000
286,          2288.00000,5,via-pacific,             8.00000,   -2147480000.00000
287,          2296.00000,5,via-pacific,             7.00000,   -2147480000.00000
288,          2304.00000,5,via-pacific,             8.00000,   -2147480000.00000
289,          2312.00000,5,via-pacific,             8.00000,   -2147480000.00000
290,          2320.00000,5,via-pacific,             8.00000,   -2147480000.00000
291,          2328.00000,5,via-pacific,             7.00000,   -2147480000.00000
292,          2336.00000,5,via-pacific,             7.00000,   -2147480000.00000
293,          2344.00000,5,via-pacific,             7.00000,   -2147480000.00000
294,          2352.00000,5,via-pacific,             7.00000,   -2147480000.00000
295,          2360.00000,5,via-pacific,             7.00000,   -2147480000.00000
296,          2368.00000,5,via-pacific,             7.00000,   -2147480000.00000
297,          2376.00000,5,via-pacific,             7.00000,   -2147480000.00000
298,          2384.00000,5,via-pacific,             6.00000,   -2147480000.00000
299,          2392.00000,5,via-pacific,             6.00000,   -2147480000.00000
300,          2400.00000,5,via-pacific,             7.00000,   -2147480000.00000
301,          2408.00000,5,via-pacific,             6.00000,   -2147480000.00000
302,          2416.00000,5,via-pacific,             6.00000,   -2147480000.00000
303,          2424.00000,5,via-pacific,             6.00000,   -2147480000.00000
304,          2432.00000,5,via-pacific,             6.00000,   -2147480000.00000
305,          2440.00000,5,via-pacific,             3.00000,   -2147480000.00000
306,          2448.00000,5,via-pacific,             2.00000,   -2147480000.00000
307,          2456.00000,5,via-pacific,             2.00000,   -2147480000.00000
308,          2464.00000,5,via-pacific,             2.00000,   -2147480000.00000
309,          2472.00000,5,via-pacific,             5.00000,   -2147480000.00000
310,          2480.00000,5,via-pacific,             5.00000,   -2147480000.00000
311,          2488.00000,5,via-pacific,             5.00000,   -2147480000.00000
312,          2496.00000,5,via-pacific,             5.00000,   -2147480000.00000
313,          2504.00000,5,via-pacific,             5.00000,   -2147480000.00000
314,          2512.00000,5,via-pacific,             5.00000,   -2147480000.00000
315,          2520.00000,5,via-pacific,             5.00000,   -2147480000.00000
316,          2528.00000,5,via-pacific,             5.00000,   -2147480000.00000
317,          2536.00000,5,via-pacific,             0.00000,   -2147480000.00000
318,          2544.00000,5,via-pacific,             0.00000,   -2147480000.00000
319,          2552.00000,5,via-pacific,             0.00000,   -2147480000.00000
320,          2560.00000,5,via-pacific,             0.00000,   -2147480000.00000
321,          2568.00000,5,via-pacific,             6.00000,   -2147480000.00000
322,          2576.00000,5,via-pacific,             6.00000,   -2147480000.00000
323,          2584.00000,5,via-pacific,             6.00000,   -2147480000.00000
324,          2592.00000,5,via-pacific,             6.00000,   -2147480000.00000
325,          2600.00000,5,via-pacific,             6.00000,   -2147480000.00000
326,          2608.00000,5,via-pacific,             6.00000,   -2147480000.00000
327,          2616.00000,5,via-pacific,             6.00000,   -2147480000.00000
328,          2624.00000,5,via-pacific,             7.00000,   -2147480000.00000
329,          2632.00000,5,via-pacific,             7.00000,   -2147480000.00000
330,          2640.00000,5,via-pacific,             7.00000,   -2147480000.00000
331,          2648.00000,5,via-pacific,             7.00000,   -2147480000.00000
332,          2656.00000,5,via-pacific,             7.00000,   -2147480000.00000
333,          2664.00000,5,via-pacific,             8.00000,   -2147480000.00000
334,          2672.00000,5,via-pacific,             7.00000,   -2147480000.00000
335,          2680.00000,5,via-pacific,             7.00000,   -2147480000.00000
336,          2688.00000,5,via-pacific,             7.00000,   -2147480000.00000
337,          2696.00000,5,via-pacific,             8.00000,   -2147480000.00000
338,          2704.00000,5,via-pacific,             8.00000,   -2147480000.00000
339,          2712.00000,5,via-pacific,             8.00000,   -2147480000.00000
340,          2720.00000,5,via-pacific,             8.00000,   -2147480000.00000
341,          2728.00000,5,via-pacific,             8.00000,   -2147480000.00000
342,          2736.00000,5,via-pacific,             8.00000,   -2147480000.00000
343,          2744.00000,5,via-pacific,             8.00000,   -2147480000.00000
344,          2752.00000,5,via-pacific,             8.00000,   -2147480000.00000
345,          2760.00000,5,via-pacific,             8.00000,   -2147480000.00000
346,          2768.00000,5,via-pacific,             5.00000,   -2147480000.00000
347,          2776.00000,5,via-pacific,             4.00000,   -2147480000.00000
348,          2784.00000,5,via-pacific,             4.00000,   -2147480000.00000
349,          2792.00000,5,via-pacific,             3.00000,   -2147480000.00000
350,          2800.00000,5,via-pacific,             3.00000,   -2147480000.00000
351,          2808.00000,5,via-pacific,             6.00000,   -2147480000.00000
352,          2816.00000,5,via-pacific,             6.00000,   -2147480000.00000
353,          2824.00000,5,via-pacific,             6.00000,   -2147480000.00000
354,          2832.00000,5,via-pacific,             6.00000,   -2147480000.00000
355,          2840.00000,5,via-pacific,             6.00000,   -2147480000.00000
356,          2848.00000,5,via-pacific,             6.00000,   -2147480000.00000
357,          2856.00000,5,via-pacific,             6.00000,   -2147480000.00000
358,          2864.00000,5,via-pacific,             6.00000,   -2147480000.00000
359,          2872.00000,5,via-pacific,             6.00000,   -2147480000.00000
360,          2880.00000,5,via-pacific,             5.00000,   -2147480000.00000
361,          2888.00000,5,via-pacific,             5.00000,   -2147480000.00000
362,          2896.00000,5,via-pacific,             5.00000,   -2147480000.00000
363,          2904.00000,5,via-pacific,             5.00000,   -2147480000.00000
364,          2912.00000,5,via-pacific,             5.00000,   -2147480000.00000
365,          2920.00000,5,via-pacific,             6.00000,   -2147480000.00000
366,          2928.00000,5,via-pacific,             6.00000,   -2147480000.00000
367,          2936.00000,5,via-pacific,             6.00000,   -2147480000.00000
368,          2944.00000,5,via-pacific,             6.00000,   -2147480000.00000
369,          2952.00000,5,via-pacific,             6.00000,   -2147480000.00000
370,          2960.00000,5,via-pacific,             6.00000,   -2147480000.00000
371,          2968.00000,5,via-pacific,             6.00000,   -2147480000.00000
372,          2976.00000,5,via-pacific,             6.00000,   -2147480000.00000
373,          2984.00000,5,via-pacific,             6.00000,   -2147480000.00000
374,          2992.00000,5,via-pacific,             6.00000,   -2147480000.00000
375,          3000.00000,5,via-pacific,             6.00000,   -2147480000.00000
376,          3008.00000,5,via-pacific,             4.00000,   -2147480000.00000
377,          3016.00000,5,via-pacific,             4.00000,   -2147480000.00000
378,          3024.00000,5,via-pacific,             4.00000,   -2147480000.00000
379,          3032.00000,5,via-pacific,             4.00000,   -2147480000.00000
380,          3040.00000,5,via-pacific,             4.00000,   -2147480000.00000
381,          3048.00000,5,via-pacific,             7.00000,   -2147480000.00000
382,          3056.00000,5,via-pacific,             7.00000,   -2147480000.00000
383,          3064.00000,5,via-pacific,             7.00000,   -2147480000.00000
384,          3072.00000,5,via-pacific,             7.00000,   -2147480000.00000
385,          3080.00000,5,via-pacific,             7.00000,   -2147480000.00000
386,          3088.00000,5,via-pacific,             7.00000,   -2147480000.00000
387,          3096.00000,5,via-pacific,             7.00000,   -2147480000.00000
388,          3104.00000,5,via-pacific,             7.00000,   -2147480000.00000
389,          3112.00000,5,via-pacific,             7.00000,   -2147480000.00000
390,          3120.00000,5,via-pacific,             7.00000,   -2147480000.00000
391,          3128.00000,5,via-pacific,             7.00000,   -2147480000.00000
392,          3136.00000,5,via-pacific,             7.00000,   -2147480000.00000
393,          3144.00000,5,via-pacific,             7.00000,   -2147480000.00000
394,          3152.00000,5,via-pacific,             7.00000,   -2147480000.00000
395,          3160.00000,5,via-pacific,             7.00000,   -2147480000.00000
396,          3168.00000,5,via-pacific,             7.00000,   -2147480000.00000
397,          3176.00000,5,via-pacific,             7.00000,   -2147480000.00000
398,          3184.00000,5,via-pacific,             9.00000,   -2147480000.00000
399,          3192.00000,5,via-pacific,             9.00000,   -2147480000.00000
400,          3200.00000,5,via-pacific,             9.00000,   -2147480000.00000
401,          3208.00000,5,via-pacific,            10.00000,   -2147480000.00000
402,          3216.00000,5,via-pacific,            10.00000,   -2147480000.00000
403,          3224.00000,5,via-pacific,            10.00000,   -2147480000.00000
404,          3232.00000,5,via-pacific,            10.00000,   -2147480000.00000
405,          3240.00000,5,via-pacific,            10.00000,   -2147480000.00000
406,          3248.00000,5,via-pacific,            10.00000,   -2147480000.00000
407,          3256.00000,5,via-pacific,            10.00000,   -2147480000.00000
408,          3264.00000,5,via-pacific,             8.00000,   -2147480000.00000
409,          3272.00000,5,via-pacific,            10.00000,   -2147480000.00000
410,          3280.00000,5,via-pacific,            10.00000,   -2147480000.00000
411,          3288.00000,5,via-pacific,            10.00000,   -2147480000.00000
412,          3296.00000,5,via-pacific,            10.00000,   -2147480000.00000
413,          3304.00000,5,via-pacific,            10.00000,   -2147480000.00000
414,          3312.00000,5,via-pacific,            10.00000,   -2147480000.00000
415,          3320.00000,5,via-pacific,            11.00000,   -2147480000.00000
416,          3328.00000,5,via-pacific,            11.00000,   -2147480000.00000
417,          3336.00000,5,via-pacific,            11.00000,   -2147480000.00000
418,          3344.00000,5,via-pacific,            11.00000,   -2147480000.00000
419,          3352.00000,5,via-pacific,            11.00000,   -2147480000.00000
420,          3360.00000,5,via-pacific,            11.00000,   -2147480000.00000
421,          3368.00000,5,via-pacific,            11.00000,   -2147480000.00000
422,          3376.00000,5,via-pacific,            11.00000,   -2147480000.00000
423,          3384.00000,5,via-pacific,            11.00000,   -2147480000.00000
424,          3392.00000,5,via-pacific,            11.00000,   -2147480000.00000
425,          3400.00000,5,via-pacific,            12.00000,   -2147480000.00000
426,          3408.00000,5,via-pacific,            11.00000,   -2147480000.00000
427,          3416.00000,5,via-pacific,            11.00000,   -2147480000.00000
428,          3424.00000,5,via-pacific,            11.00000,   -2147480000.00000
429,          3432.00000,5,via-pacific,            11.00000,   -2147480000.00000
430,          3440.00000,5,via-pacific,            11.00000,   -2147480000.00000
431,          3448.00000,5,via-pacific,            10.00000,   -2147480000.00000
432,          3456.00000,5,via-pacific,            10.00000,   -2147480000.00000
433,          3464.00000,5,via-pacific,            10.00000,   -2147480000.00000
434,          3472.00000,5,via-pacific,            11.00000,   -2147480000.00000
435,          3480.00000,5,via-pacific,            11.00000,   -2147480000.00000
436,          3488.00000,5,via-pacific,            11.00000,   -2147480000.00000
437,          3496.00000,5,via-pacific,            11.00000,   -2147480000.00000
438,          3504.00000,5,via-pacific,             9.00000,   -2147480000.00000
439,          3512.00000,5,via-pacific,            10.00000,   -2147480000.00000
440,          3520.00000,5,via-pacific,            10.00000,   -2147480000.00000
441,          3528.00000,5,via-pacific,            11.00000,   -2147480000.00000
442,          3536.00000,5,via-pacific,            11.00000,   -2147480000.00000
443,          3544.00000,5,via-pacific,            11.00000,   -2147480000.00000
444,          3552.00000,5,via-pacific,            11.00000,   -2147480000.00000
445,          3560.00000,5,via-pacific,            11.00000,   -2147480000.00000
446,          3568.00000,5,via-pacific,            11.00000,   -2147480000.00000
447,          3576.00000,5,via-pacific,            12.00000,   -2147480000.00000
448,          3584.00000,5,via-pacific,            12.00000,   -2147480000.00000
449,          3592.00000,5,via-pacific,            12.00000,   -2147480000.00000
450,          3600.00000,5,via-pacific,            12.00000,   -2147480000.00000
451,          3608.00000,5,via-pacific,            13.00000,   -2147480000.00000
452,          3616.00000,5,via-pacific,            13.00000,   -2147480000.00000
453,          3624.00000,5,via-pacific,            13.00000,   -2147480000.00000
454,          3632.00000,5,via-pacific,            14.00000,   -2147480000.00000
455,          3640.00000,5,via-pacific,            14.00000,   -2147480000.00000
456,          3648.00000,5,via-pacific,            14.00000,   -2147480000.00000
457,          3656.00000,5,via-pacific,            14.00000,   -2147480000.00000
458,          3664.00000,5,via-pacific,            15.00000,   -2147480000.00000
459,          3672.00000,5,via-pacific,            15.00000,   -2147480000.00000
460,          3680.00000,5,via-pacific,            16.00000,   -2147480000.00000
461,          3688.00000,5,via-pacific,            16.00000,   -2147480000.00000
462,          3696.00000,5,via-pacific,            16.00000,   -2147480000.00000
463,          3704.00000,5,via-pacific,            16.00000,   -2147480000.00000
464,          3712.00000,5,via-pacific,            16.00000,   -2147480000.00000
465,          3720.00000,5,via-pacific,            17.00000,   -2147480000.00000
466,          3728.00000,5,via-pacific,            17.00000,   -2147480000.00000
467,          3736.00000,5,via-pacific,            17.00000,   -2147480000.00000
468,          3744.00000,5,via-pacific,            17.00000,   -2147480000.00000
469,          3752.00000,5,via-pacific,            18.00000,   -2147480000.00000
470,          3760.00000,5,via-pacific,            18.00000,   -2147480000.00000
471,          3768.00000,5,via-pacific,            18.00000,   -2147480000.00000
472,          3776.00000,5,via-pacific,            18.00000,   -2147480000.00000
473,          3784.00000,5,via-pacific,            19.00000,   -2147480000.00000
474,          3792.00000,5,via-pacific,            19.00000,   -2147480000.00000
475,          3800.00000,5,via-pacific,            19.00000,   -2147480000.00000
476,          3808.00000,5,via-pacific,            20.00000,   -2147480000.00000
477,          3816.00000,5,via-pacific,            20.00000,   -2147480000.00000
478,          3824.00000,5,via-pacific,            20.00000,   -2147480000.00000
479,          3832.00000,5,via-pacific,            20.00000,   -2147480000.00000
480,          3840.00000,5,via-pacific,            20.00000,   -2147480000.00000
481,          3848.00000,5,via-pacific,            20.00000,   -2147480000.00000
482,          3856.00000,5,via-pacific,            20.00000,   -2147480000.00000
483,          3864.00000,5,via-pacific,            20.00000,   -2147480000.00000
484,          3872.00000,5,via-pacific,            21.00000,   -2147480000.00000
485,          3880.00000,5,via-pacific,            21.00000,   -2147480000.00000
486,          3888.00000,5,via-pacific,            21.00000,   -2147480000.00000
487,          3896.00000,5,via-pacific,            22.00000,   -2147480000.00000
488,          3904.00000,5,via-pacific,            22.00000,   -2147480000.00000
489,          3912.00000,5,via-pacific,            22.00000,   -2147480000.00000
490,          3920.00000,5,via-pacific,            21.00000,   -2147480000.00000
491,          3928.00000,5,via-pacific,            22.00000,   -2147480000.00000
492,          3936.00000,5,via-pacific,            22.00000,   -2147480000.00000
493,          3944.00000,5,via-pacific,            21.00000,   -2147480000.00000
494,          3952.00000,5,via-pacific,            21.00000,   -2147480000.00000
495,          3960.00000,5,via-pacific,            23.00000,   -2147480000.00000
496,          3968.00000,5,via-pacific,            22.00000,   -2147480000.00000
497,          3976.00000,5,via-pacific,            22.00000,   -2147480000.00000
498,          3984.00000,5,via-pacific,            23.00000,   -2147480000.00000
499,          3992.00000,5,via-pacific,            23.00000,   -2147480000.00000
500,          4000.00000,5,via-pacific,            23.00000,   -2147480000.00000
501,          4008.00000,5,via-pacific,            23.00000,   -2147480000.00000
502,          4016.00000,5,via-pacific,            24.00000,   -2147480000.00000
503,          4024.00000,5,via-pacific,            23.00000,   -2147480000.00000
504,          4032.00000,5,via-pacific,            23.00000,   -2147480000.00000
505,          4040.00000,5,via-pacific,            24.00000,   -2147480000.00000
506,          4048.00000,5,via-pacific,            24.00000,   -2147480000.00000
507,          4056.00000,5,via-pacific,            24.00000,   -2147480000.00000
508,          4064.00000,5,via-pacific,            24.00000,   -2147480000.00000
509,          4072.00000,5,via-pacific,            24.00000,   -2147480000.00000
510,          4080.00000,5,via-pacific,            26.00000,   -2147480000.00000
511,          4088.00000,5,via-pacific,            26.00000,   -2147480000.00000
512,          4096.00000,5,via-pacific,            26.00000,   -2147480000.00000
513,          4104.00000,5,via-pacific,            26.00000,   -2147480000.00000
514,          4112.00000,5,via-pacific,            25.00000,   -2147480000.00000
515,          4120.00000,5,via-pacific,            26.00000,   -2147480000.00000
516,          4128.00000,5,via-pacific,            26.00000,   -2147480000.00000
517,          4136.00000,5,via-pacific,            23.00000,   -2147480000.00000
518,          4144.00000,5,via-pacific,            23.00000,   -2147480000.00000
519,          4152.00000,5,via-pacific,            27.00000,   -2147480000.00000
520,          4160.00000,5,via-pacific,            24.00000,   -2147480000.00000
521,          4168.00000,5,via-pacific,            24.00000,   -2147480000.00000
522,          4176.00000,5,via-pacific,            24.00000,   -2147480000.00000
523,          4184.00000,5,via-pacific,            27.00000,   -2147480000.00000
524,          4192.00000,5,via-pacific,            26.00000,   -2147480000.00000
525,          4200.00000,5,via-pacific,            26.00000,   -2147480000.00000
526,          4208.00000,5,via-pacific,            26.00000,   -2147480000.00000
527,          4216.00000,5,via-pacific,            26.00000,   -2147480000.00000
528,          4224.00000,5,via-pacific,            26.00000,   -2147480000.00000
529,          4232.00000,5,via-pacific,            26.00000,   -2147480000.00000
530,          4240.00000,5,via-pacific,            26.00000,   -2147480000.00000
531,          4248.00000,5,via-pacific,            23.00000,   -2147480000.00000
532,          4256.00000,5,via-pacific,            23.00000,   -2147480000.00000
533,          4264.00000,5,via-pacific,            23.00000,   -2147480000.00000
534,          4272.00000,5,via-pacific,            23.00000,   -2147480000.00000
535,          4280.00000,5,via-pacific,            23.00000,   -2147480000.00000
536,          4288.00000,5,via-pacific,            15.00000,   -2147480000.00000
537,          4296.00000,5,via-pacific,            15.00000,   -2147480000.00000
538,          4304.00000,5,via-pacific,            14.00000,   -2147480000.00000
539,          4312.00000,5,via-pacific,            14.00000,   -2147480000.00000
540,          4320.00000,5,via-pacific,            14.00000,   -2147480000.00000
541,          4328.00000,5,via-pacific,            13.00000,   -2147480000.00000
542,          4336.00000,5,via-pacific,            13.00000,   -2147480000.00000
543,          4344.00000,5,via-pacific,            13.00000,   -2147480000.00000
544,          4352.00000,5,via-pacific,            13.00000,   -2147480000.00000
545,          4360.00000,5,via-pacific,            13.00000,   -2147480000.00000
546,          4368.00000,5,via-pacific,            12.00000,   -2147480000.00000
547,          4376.00000,5,via-pacific,             9.00000,   -2147480000.00000
548,          4384.00000,5,via-pacific,             9.00000,   -2147480000.00000
549,          4392.00000,5,via-pacific,             9.00000,   -2147480000.00000
550,          4400.00000,5,via-pacific,             8.00000,   -2147480000.00000
551,          4408.00000,5,via-pacific,             6.00000,   -2147480000.00000
552,          4416.00000,5,via-pacific,             5.00000,   -2147480000.00000
553,          4424.00000,5,via-pacific,             5.00000,   -2147480000.00000
554,          4432.00000,5,via-pacific,             5.00000,   -2147480000.00000
555,          4440.00000,5,via-pacific,             6.00000,   -2147480000.00000
556,          4448.00000,5,via-pacific,             5.00000,   -2147480000.00000
557,          4456.00000,5,via-pacific,             5.00000,   -2147480000.00000
558,          4464.00000,5,via-pacific,             4.00000,   -2147480000.00000
559,          4472.00000,5,via-pacific,             4.00000,   -2147480000.00000
560,          4480.00000,5,via-pacific,             4.00000,   -2147480000.00000
561,          4488.00000,5,via-pacific,             3.00000,   -2147480000.00000
562,          4496.00000,5,via-pacific,             3.00000,   -2147480000.00000
563,          4504.00000,5,via-pacific,             2.00000,   -2147480000.00000
564,          4512.00000,5,via-pacific,             2.00000,   -2147480000.00000
565,          4520.00000,5,via-pacific,             2.00000,   -2147480000.00000
566,          4528.00000,5,via-pacific,             0.00000,   -2147480000.00000
567,          4536.00000,5,via-pacific,             0.00000,   -2147480000.00000
568,          4544.00000,5,via-pacific,             0.00000,   -2147480000.00000
569,          4552.00000,5,via-pacific,             0.00000,   -2147480000.00000
570,          4560.00000,5,via-pacific,             0.00000,   -2147480000.00000
571,          4568.00000,5,via-pacific,             0.00000,   -2147480000.00000
572,          4576.00000,5,via-pacific,             0.00000,   -2147480000.00000
573,          4584.00000,5,via-pacific,             0.00000,   -2147480000.00000
574,          4592.00000,5,via-pacific,             0.00000,   -2147480000.00000
575,          4600.00000,5,via-pacific,             0.00000,   -2147480000.00000
576,          4608.00000,5,via-pacific,             0.00000,   -2147480000.00000
577,          4616.00000,5,via-pacific,             0.00000,   -2147480000.00000
578,          4624.00000,5,via-pacific,             0.00000,   -2147480000.00000
579,          4632.00000,5,via-pacific,             0.00000,   -2147480000.00000
580,          4640.00000,5,via-pacific,             0.00000,   -2147480000.00000
581,          4648.00000,5,via-pacific,             0.00000,   -2147480000.00000
582,          4656.00000,5,via-pacific,             0.00000,   -2147480000.00000
583,          4664.00000,5,via-pacific,             0.00000,   -2147480000.00000
584,          4672.00000,5,via-pacific,             0.00000,   -2147480000.00000
585,          4680.00000,5,via-pacific,             0.00000,   -2147480000.00000
586,          4688.00000,5,via-pacific,             0.00000,   -2147480000.00000
587,          4696.00000,5,via-pacific,             0.00000,   -2147480000.00000
588,          4704.00000,5,via-pacific,             0.00000,   -2147480000.00000
589,          4712.00000,5,via-pacific,             0.00000,   -2147480000.00000
590,          4720.00000,5,via-pacific,             0.00000,   -2147480000.00000
591,          4728.00000,5,via-pacific,             0.00000,   -2147480000.00000
592,          4736.00000,5,via-pacific,             2.00000,   -2147480000.00000
593,          4744.00000,5,via-pacific,             2.00000,   -2147480000.00000
594,          4752.00000,5,via-pacific,             3.00000,   -2147480000.00000
595,          4760.00000,5,via-pacific,             3.00000,   -2147480000.00000
596,          4768.00000,5,via-pacific,             3.00000,   -2147480000.00000
597,          4776.00000,5,via-pacific,             5.00000,   -2147480000.00000
598,          4784.00000,5,via-pacific,             5.00000,   -2147480000.00000
599,          4792.00000,5,via-pacific,             5.00000,   -2147480000.00000
600,          4800.00000,5,via-pacific,             7.00000,   -2147480000.00000
601,          4808.00000,5,via-pacific,             7.00000,   -2147480000.00000
602,          4816.00000,5,via-pacific,             7.00000,   -2147480000.00000
603,          4824.00000,5,via-pacific,             8.00000,   -2147480000.00000
604,          4832.00000,5,via-pacific,             8.00000,   -2147480000.00000
605,          4840.00000,5,via-pacific,             8.00000,   -2147480000.00000
606,          4848.00000,5,via-pacific,             8.00000,   -2147480000.00000
607,          4856.00000,5,via-pacific,             8.00000,   -2147480000.00000
608,          4864.00000,5,via-pacific,             9.00000,   -2147480000.00000
609,          4872.00000,5,via-pacific,             9.00000,   -2147480000.00000
610,          4880.00000,5,via-pacific,             9.00000,   -2147480000.00000
611,          4888.00000,5,via-pacific,             9.00000,   -2147480000.00000
612,          4896.00000,5,via-pacific,             9.00000,   -2147480000.00000
613,          4904.00000,5,via-pacific,            11.00000,   -2147480000.00000
614,          4912.00000,5,via-pacific,            11.00000,   -2147480000.00000
615,          4920.00000,5,via-pacific,            11.00000,   -2147480000.00000
616,          4928.00000,5,via-pacific,            12.00000,   -2147480000.00000
617,          4936.00000,5,via-pacific,            12.00000,   -2147480000.00000
618,          4944.00000,5,via-pacific,            12.00000,   -2147480000.00000
619,          4952.00000,5,via-pacific,            12.00000,   -2147480000.00000
620,          4960.00000,5,via-pacific,            12.00000,   -2147480000.00000
621,          4968.00000,5,via-pacific,            12.00000,   -2147480000.00000
622,          4976.00000,5,via-pacific,            12.00000,   -2147480000.00000
623,          4984.00000,5,via-pacific,            12.00000,   -2147480000.00000
624,          4992.00000,5,via-pacific,            12.00000,   -2147480000.00000
625,          5000.00000,5,via-pacific,            12.00000,   -2147480000.00000
626,          5008.00000,5,via-pacific,            12.00000,   -2147480000.00000
627,          5016.00000,5,via-pacific,            12.00000,   -2147480000.00000
628,          5024.00000,5,via-pacific,            12.00000,   -2147480000.00000
629,          5032.00000,5,via-pacific,            12.00000,   -2147480000.00000
630,          5040.00000,5,via-pacific,            12.00000,   -2147480000.00000
631,          5048.00000,5,via-pacific,            12.00000,   -2147480000.00000
632,          5056.00000,5,via-pacific,            12.00000,   -2147480000.00000
633,          5064.00000,5,via-pacific,            12.00000,   -2147480000.00000
634,          5072.00000,5,via-pacific,            12.00000,   -2147480000.00000
635,          5080.00000,5,via-pacific,            12.00000,   -2147480000.00000
636,          5088.00000,5,via-pacific,            11.00000,   -2147480000.00000
637,          5096.00000,5,via-pacific,            11.00000,   -2147480000.00000
638,          5104.00000,5,via-pacific,            11.00000,   -2147480000.00000
639,          5112.00000,5,via-pacific,            12.00000,   -2147480000.00000
640,          5120.00000,5,via-pacific,            12.00000,   -2147480000.00000
641,          5128.00000,5,via-pacific,            16.00000,   -2147480000.00000
642,          5136.00000,5,via-pacific,            16.00000,   -2147480000.00000
643,          5144.00000,5,via-pacific,            16.00000,   -2147480000.00000
644,          5152.00000,5,via-pacific,            19.00000,   -2147480000.00000
645,          5160.00000,5,via-pacific,            19.00000,   -2147480000.00000
646,          5168.00000,5,via-pacific,            19.00000,   -2147480000.00000
647,          5176.00000,5,via-pacific,            17.00000,   -2147480000.00000
648,          5184.00000,5,via-pacific,            17.00000,   -2147480000.00000
649,          5192.00000,5,via-pacific,            16.00000,   -2147480000.00000
650,          5200.00000,5,via-pacific,            17.00000,   -2147480000.00000
651,          5208.00000,5,via-pacific,            17.00000,   -2147480000.00000
652,          5216.00000,5,via-pacific,            17.00000,   -2147480000.00000
653,          5224.00000,5,via-pacific,            17.00000,   -2147480000.00000
654,          5232.00000,5,via-pacific,            16.00000,   -2147480000.00000
655,          5240.00000,5,via-pacific,            15.00000,   -2147480000.00000
656,          5248.00000,5,via-pacific,            15.00000,   -2147480000.00000
657,          5256.00000,5,via-pacific,            15.00000,   -2147480000.00000
658,          5264.00000,5,via-pacific,            15.00000,   -2147480000.00000
659,          5272.00000,5,via-pacific,            15.00000,   -2147480000.00000
660,          5280.00000,5,via-pacific,            15.00000,   -2147480000.00000
661,          5288.00000,5,via-pacific,            13.00000,   -2147480000.00000
662,          5296.00000,5,via-pacific,            13.00000,   -2147480000.00000
663,          5304.00000,5,via-pacific,            12.00000,   -2147480000.00000
664,          5312.00000,5,via-pacific,            12.00000,   -2147480000.00000
665,          5320.00000,5,via-pacific,            12.00000,   -2147480000.00000
666,          5328.00000,5,via-pacific,            12.00000,   -2147480000.00000
667,          5336.00000,5,via-pacific,            12.00000,   -2147480000.00000
668,          5344.00000,5,via-pacific,            12.00000,   -2147480000.00000
669,          5352.00000,5,via-pacific,            12.00000,   -2147480000.00000
670,          5360.00000,5,via-pacific,            12.00000,   -2147480000.00000
671,          5368.00000,5,via-pacific,            11.00000,   -2147480000.00000
672,          5376.00000,5,via-pacific,            11.00000,   -2147480000.00000
673,          5384.00000,5,via-pacific,            11.00000,   -2147480000.00000
674,          5392.00000,5,via-pacific,            10.00000,   -2147480000.00000
675,          5400.00000,5,via-pacific,            10.00000,   -2147480000.00000
676,          5408.00000,5,via-pacific,            10.00000,   -2147480000.00000
677,          5416.00000,5,via-pacific,            10.00000,   -2147480000.00000
678,          5424.00000,5,via-pacific,            10.00000,   -2147480000.00000
679,          5432.00000,5,via-pacific,             9.00000,   -2147480000.00000
680,          5440.00000,5,via-pacific,             9.00000,   -2147480000.00000
681,          5448.00000,5,via-pacific,             8.00000,   -2147480000.00000
682,          5456.00000,5,via-pacific,             8.00000,   -2147480000.00000
683,          5464.00000,5,via-pacific,             8.00000,   -2147480000.00000
684,          5472.00000,5,via-pacific,             8.00000,   -2147480000.00000
685,          5480.00000,5,via-pacific,             8.00000,   -2147480000.00000
686,          5488.00000,5,via-pacific,             9.00000,   -2147480000.00000
687,          5496.00000,5,via-pacific,             9.00000,   -2147480000.00000
688,          5504.00000,5,via-pacific,             9.00000,   -2147480000.00000
689,          5512.00000,5,via-pacific,             9.00000,   -2147480000.00000
690,          5520.00000,5,via-pacific,             9.00000,   -2147480000.00000
691,          5528.00000,5,via-pacific,             9.00000,   -2147480000.00000
692,          5536.00000,5,via-pacific,             9.00000,   -2147480000.00000
693,          5544.00000,5,via-pacific,             9.00000,   -2147480000.00000
694,          5552.00000,5,via-pacific,             9.00000,   -2147480000.00000
695,          5560.00000,5,via-pacific,             9.00000,   -2147480000.00000
696,          5568.00000,5,via-pacific,            10.00000,   -2147480000.00000
697,          5576.00000,5,via-pacific,            10.00000,   -2147480000.00000
698,          5584.00000,5,via-pacific,             9.00000,   -2147480000.00000
699,          5592.00000,5,via-pacific,             9.00000,   -2147480000.00000
700,          5600.00000,5,via-pacific,             9.00000,   -2147480000.00000
701,          5608.00000,5,via-pacific,            11.00000,   -2147480000.00000
702,          5616.00000,5,via-pacific,            11.00000,   -2147480000.00000
703,          5624.00000,5,via-pacific,            12.00000,   -2147480000.00000
704,          5632.00000,5,via-pacific,            12.00000,   -2147480000.00000
705,          5640.00000,5,via-pacific,            11.00000,   -2147480000.00000
706,          5648.00000,5,via-pacific,            11.00000,   -2147480000.00000
707,          5656.00000,5,via-pacific,            11.00000,   -2147480000.00000
708,          5664.00000,5,via-pacific,            11.00000,   -2147480000.00000
709,          5672.00000,5,via-pacific,            11.00000,   -2147480000.00000
710,          5680.00000,5,via-pacific,            11.00000,   -2147480000.00000
711,          5688.00000,5,via-pacific,            11.00000,   -2147480000.00000
712,          5696.00000,5,via-pacific,            11.00000,   -2147480000.00000
713,          5704.00000,5,via-pacific,            12.00000,   -2147480000.00000
714,          5712.00000,5,via-pacific,            12.00000,   -2147480000.00000
715,          5720.00000,5,via-pacific,            11.00000,   -2147480000.00000
716,          5728.00000,5,via-pacific,            11.00000,   -2147480000.00000
717,          5736.00000,5,via-pacific,            11.00000,   -2147480000.00000
718,          5744.00000,5,via-pacific,            11.00000,   -2147480000.00000
719,          5752.00000,5,via-pacific,            11.00000,   -2147480000.00000
720,          5760.00000,5,via-pacific,            11.00000,   -2147480000.00000
721,          5768.00000,5,via-pacific,            11.00000,   -2147480000.00000
722,          5776.00000,5,via-pacific,            11.00000,   -2147480000.00000
723,          5784.00000,5,via-pacific,            11.00000,   -2147480000.00000
724,          5792.00000,5,via-pacific,            11.00000,   -2147480000.00000
725,          5800.00000,5,via-pacific,            11.00000,   -2147480000.00000
726,          5808.00000,5,via-pacific,            11.00000,   -2147480000.00000
727,          5816.00000,5,via-pacific,            11.00000,   -2147480000.00000
728,          5824.00000,5,via-pacific,            10.00000,   -2147480000.00000
729,          5832.00000,5,via-pacific,            10.00000,   -2147480000.00000
730,          5840.00000,5,via-pacific,            10.00000,   -2147480000.00000
731,          5848.00000,5,via-pacific,            10.00000,   -2147480000.00000
732,          5856.00000,5,via-pacific,            10.00000,   -2147480000.00000
733,          5864.00000,5,via-pacific,             9.00000,   -2147480000.00000
734,          5872.00000,5,via-pacific,             9.00000,   -2147480000.00000
735,          5880.00000,5,via-pacific,             9.00000,   -2147480000.00000
736,          5888.00000,5,via-pacific,             9.00000,   -2147480000.00000
737,          5896.00000,5,via-pacific,             9.00000,   -2147480000.00000
738,          5904.00000,5,via-pacific,             9.00000,   -2147480000.00000
739,          5912.00000,5,via-pacific,             9.00000,   -2147480000.00000
740,          5920.00000,5,via-pacific,             8.00000,   -2147480000.00000
741,          5928.00000,5,via-pacific,             8.00000,   -2147480000.00000
742,          5936.00000,5,via-pacific,             8.00000,   -2147480000.00000
743,          5944.00000,5,via-pacific,             8.00000,   -2147480000.00000
744,          5952.00000,5,via-pacific,             8.00000,   -2147480000.00000
745,          5960.00000,5,via-pacific,             7.00000,   -2147480000.00000
746,          5968.00000,5,via-pacific,             7.00000,   -2147480000.00000
747,          5976.00000,5,via-pacific,             7.00000,   -2147480000.00000
748,          5984.00000,5,via-pacific,             7.00000,   -2147480000.00000
749,          5992.00000,5,via-pacific,             7.00000,   -2147480000.00000
750,          6000.00000,5,via-pacific,             7.00000,   -2147480000.00000
751,          6008.00000,5,via-pacific,             7.00000,   -2147480000.00000
752,          6016.00000,5,via-pacific,             6.00000,   -2147480000.00000
753,          6024.00000,5,via-pacific,             6.00000,   -2147480000.00000
754,          6032.00000,5,via-pacific,             6.00000,   -2147480000.00000
755,          6040.00000,5,via-pacific,             6.00000,   -2147480000.00000
756,          6048.00000,5,via-pacific,             6.00000,   -2147480000.00000
757,          6056.00000,5,via-pacific,             6.00000,   -2147480000.00000
758,          6064.00000,5,via-pacific,             6.00000,   -2147480000.00000
759,          6067.36853,5,via-pacific,             6.00000,   -2147480000.00000
